rawname,markers,transform,tSNE,UMAP,PhenoGraph,FlowSOM,tsne_heatmap,expr_para,heatmap,density_plot
Time<Time>,Time,,,,,,,,,
Event_length<Event_length>,Event_length,,,,,,,,,
Rh103Di<Viability>,Viability,,,,,,,,,
Ba138Di<Ba138Di>,Ba138Di,,,,,,,,,
La139Di<CD103>,CD103,1,1,1,1,1,1,,1,1
Ce140Di<Bead1>,Bead1,,,,,,,,,
Pr141Di<CCR6>,CCR6,1,,,,,1,,1,1
Nd142Di<CD19>,CD19,1,1,1,1,1,1,,1,1
Nd143Di<C-KIT>,C_KIT,1,,,,,1,,1,1
Nd144Di<CD11b>,CD11b,1,1,1,1,1,1,,1,1
Nd145Di<CD4>,CD4,1,1,1,1,1,1,,1,1
Nd146Di<CD8a>,CD8a,1,1,1,1,1,1,,1,1
Sm147Di<CD7>,CD7,1,1,1,1,1,1,,1,1
Nd148Di<CD34>,CD34,1,1,1,1,1,1,,1,1
Sm149Di<CD25>,CD25,1,1,1,1,1,1,,1,1
Nd150Di<TCRab>,TCRab,1,1,1,1,1,1,,1,1
Eu151Di<CD123_Bead2>,CD123_Bead2,1,1,1,1,1,1,,1,1
Sm152Di<TCRgd>,TCRgd,1,1,1,1,1,1,,1,1
Eu153Di<IL-21R_Bead3>,IL_21R_Bead3,1,,,,,1,,1,1
Sm154Di<CD45>,CD45,1,1,1,1,1,1,,1,1
Gd156Di<CRTH2>,CRTH2,1,,,,,1,,1,1
Gd158Di<CD122>,CD122,1,,,,,1,,1,1
Tb159Di<CCR7>,CCR7,1,1,1,1,1,1,,1,1
Gd160Di<CD14>,CD14,1,1,1,1,1,1,,1,1
Dy162Di<CD11c>,CD11c,1,1,1,1,1,1,,1,1
Dy164Di<CD161>,CD161,1,1,1,1,1,1,,1,1
Ho165Di<CD127_Bead4>,CD127_Bead4,1,1,1,1,1,1,,1,1
Er166Di<CD8b>,CD8b,1,1,1,1,1,1,,1,1
Er167Di<CD27>,CD27,1,1,1,1,1,1,,1,1
Er168Di<IL-15Ra>,IL_15Ra,1,,,,,1,,1,1
Tm169Di<CD45RA>,CD45RA,1,1,1,1,1,1,,1,1
Er170Di<CD3>,CD3,1,1,1,1,1,1,,1,1
Yb171Di<CD28>,CD28,1,1,1,1,1,1,,1,1
Yb172Di<CD38>,CD38,1,,,,,1,,1,1
Yb174Di<NKp46>,NKp46,1,1,1,1,1,1,,1,1
Lu175Di<PD-1_Bead5>,PD_1_Bead5,1,,,,,1,,1,1
Yb176Di<CD56>,CD56,1,1,1,1,1,1,,1,1
BCKG190Di<BCKG190Di>,BCKG190Di,,,,,,,,,
Ir191Di<DNA>,DNA,,,,,,,,,
Ir193Di<DNA>,DNA.1,,,,,,,,,
Pb206Di<Pb206Di>,Pb206Di,,,,,,,,,
File_ID,File_ID,,,,,,,,,
